id,iata,name,city,country,lat,lon,route_count
0,ATL,Hartsfield Jackson Atlanta International Airport,Atlanta,United States,33.6367,-84.428101,1826
1,ORD,Chicago O'Hare International Airport,Chicago,United States,41.9786,-87.9048,1108
2,PEK,Beijing Capital International Airport,Beijing,China,40.080101013183594,116.58499908447266,1069
3,LHR,London Heathrow Airport,London,United Kingdom,51.4706,-0.461941,1051
4,CDG,Charles de Gaulle International Airport,Paris,France,49.012798,2.55,1041
5,FRA,Frankfurt am Main Airport,Frankfurt,Germany,50.033333,8.570556,990
6,LAX,Los Angeles International Airport,Los Angeles,United States,33.94250107,-118.4079971,990
7,DFW,Dallas Fort Worth International Airport,Dallas-Fort Worth,United States,32.896801,-97.038002,936
8,JFK,John F Kennedy International Airport,New York,United States,40.63980103,-73.77890015,911
9,AMS,Amsterdam Airport Schiphol,Amsterdam,Netherlands,52.308601,4.76389,903
10,PVG,Shanghai Pudong International Airport,Shanghai,China,31.143400192260742,121.80500030517578,825
11,SIN,Singapore Changi Airport,Singapore,Singapore,1.35019,103.994003,820
12,BCN,Barcelona International Airport,Barcelona,Spain,41.2971,2.07846,783
13,ICN,Incheon International Airport,Seoul,South Korea,37.46910095214844,126.45099639892578,740
14,DEN,Denver International Airport,Denver,United States,39.861698150635,-104.672996521,735
15,MIA,Miami International Airport,Miami,United States,25.79319953918457,-80.29060363769531,734
16,MUC,Munich Airport,Munich,Germany,48.353802,11.7861,728
17,IST,Istanbul Airport,Istanbul,Turkey,41.275278,28.751944,719
18,DXB,Dubai International Airport,Dubai,United Arab Emirates,25.2527999878,55.3643989563,710
19,HKG,Hong Kong International Airport,Hong Kong,Hong Kong,22.308901,113.915001,710
20,LGW,London Gatwick Airport,London,United Kingdom,51.148102,-0.190278,708
21,CAN,Guangzhou Baiyun International Airport,Guangzhou,China,23.39240074157715,113.29900360107422,674
22,FCO,Leonardo da Vinci–Fiumicino Airport,Rome,Italy,41.8002778,12.2388889,662
23,MAD,Adolfo Suárez Madrid–Barajas Airport,Madrid,Spain,40.471926,-3.56264,661
24,BKK,Suvarnabhumi Airport,Bangkok,Thailand,13.681099891662598,100.74700164794922,656
25,DME,Domodedovo International Airport,Moscow,Russia,55.40879821777344,37.90629959106445,649
26,CTU,Chengdu Shuangliu International Airport,Chengdu,China,30.578500747680664,103.9469985961914,647
27,YYZ,Lester B. Pearson International Airport,Toronto,Canada,43.6772003174,-79.63059997559999,636
28,BRU,Brussels Airport,Brussels,Belgium,50.901401519800004,4.48443984985,631
29,MAN,Manchester Airport,Manchester,United Kingdom,53.35369873046875,-2.2749500274658203,627
30,VIE,Vienna International Airport,Vienna,Austria,48.110298156738,16.569700241089,616
31,CLT,Charlotte Douglas International Airport,Charlotte,United States,35.2140007019043,-80.94309997558594,600
32,PHL,Philadelphia International Airport,Philadelphia,United States,39.87189865112305,-75.24109649658203,576
33,NRT,Narita International Airport,Tokyo,Japan,35.7647018433,140.386001587,575
34,DUS,Düsseldorf Airport,Duesseldorf,Germany,51.289501,6.76678,570
35,XIY,Xi'an Xianyang International Airport,Xi'an,China,34.447102,108.751999,563
36,PMI,Palma De Mallorca Airport,Palma de Mallorca,Spain,39.551700592,2.73881006241,548
37,KMG,Kunming Changshui International Airport,Kunming,China,25.1019444,102.9291667,545
38,CKG,Chongqing Jiangbei International Airport,Chongqing,China,29.719200134277344,106.64199829101562,540
39,DEL,Indira Gandhi International Airport,Delhi,India,28.5665,77.103104,527
40,TPE,Taiwan Taoyuan International Airport,Taipei,Taiwan,25.0777,121.233002,527
41,KUL,Kuala Lumpur International Airport,Kuala Lumpur,Malaysia,2.745579957962,101.70999908447,514
42,PHX,Phoenix Sky Harbor International Airport,Phoenix,United States,33.43429946899414,-112.01200103759766,508
43,HGH,Hangzhou Xiaoshan International Airport,Hangzhou,China,30.22949981689453,120.43399810791016,506
44,EWR,Newark Liberty International Airport,Newark,United States,40.692501068115234,-74.168701171875,505
45,SFO,San Francisco International Airport,San Francisco,United States,37.61899948120117,-122.375,499
46,LAS,McCarran International Airport,Las Vegas,United States,36.08010101,-115.1520004,498
47,ZRH,Zürich Airport,Zurich,Switzerland,47.464699,8.54917,494
48,IAH,George Bush Intercontinental Houston Airport,Houston,United States,29.984399795532227,-95.34140014648438,485
49,MEX,Licenciado Benito Juarez International Airport,Mexico City,Mexico,19.4363,-99.072098,485
50,AUH,Abu Dhabi International Airport,Abu Dhabi,United Arab Emirates,24.433000564575195,54.651100158691406,477
51,MCO,Orlando International Airport,Orlando,United States,28.429399490356445,-81.30899810791016,475
52,SZX,Shenzhen Bao'an International Airport,Shenzhen,China,22.639299392700195,113.81099700927734,467
53,XMN,Xiamen Gaoqi International Airport,Xiamen,China,24.54400062561035,118.12799835205078,466
54,CPH,Copenhagen Kastrup Airport,Copenhagen,Denmark,55.617900848389,12.656000137329,457
55,BOM,Chhatrapati Shivaji International Airport,Mumbai,India,19.0886993408,72.8678970337,452
56,ARN,Stockholm-Arlanda Airport,Stockholm,Sweden,59.651901245117,17.918600082397,439
57,LIS,Humberto Delgado Airport (Lisbon Portela Airport),Lisbon,Portugal,38.7813,-9.13592,435
58,DTW,Detroit Metropolitan Wayne County Airport,Detroit,United States,42.212398529052734,-83.35340118408203,433
59,MSP,Minneapolis-St Paul International/Wold-Chamberlain Airport,Minneapolis,United States,44.882,-93.221802,430
60,BOS,General Edward Lawrence Logan International Airport,Boston,United States,42.36429977,-71.00520325,424
61,TXL,Berlin-Tegel Airport,Berlin,Germany,52.5597,13.2877,418
62,DUB,Dublin Airport,Dublin,Ireland,53.421299,-6.27007,414
63,SHA,Shanghai Hongqiao International Airport,Shanghai,China,31.197900772094727,121.33599853515625,411
64,AGP,Málaga Airport,Malaga,Spain,36.67490005493164,-4.499110221862793,410
65,SYD,Sydney Kingsford Smith International Airport,Sydney,Australia,-33.94609832763672,151.177001953125,410
66,ORY,Paris-Orly Airport,Paris,France,48.7233333,2.3794444,404
67,ATH,Eleftherios Venizelos International Airport,Athens,Greece,37.9364013672,23.9444999695,403
68,SEA,Seattle Tacoma International Airport,Seattle,United States,47.449001,-122.308998,403
69,SVO,Sheremetyevo International Airport,Moscow,Russia,55.972599,37.4146,397
70,DCA,Ronald Reagan Washington National Airport,Washington,United States,38.8521,-77.037697,388
71,GRU,Guarulhos - Governador André Franco Montoro International Airport,Sao Paulo,Brazil,-23.435556411743164,-46.47305679321289,387
72,IAD,Washington Dulles International Airport,Washington,United States,38.94449997,-77.45580292,386
73,MNL,Ninoy Aquino International Airport,Manila,Philippines,14.5086,121.019997,386
74,MXP,Malpensa International Airport,Milano,Italy,45.6306,8.72811,386
75,CSX,Changsha Huanghua International Airport,Changcha,China,28.189199447599997,113.220001221,377
76,DOH,Hamad International Airport,Doha,Qatar,25.273056,51.608056,377
77,JED,King Abdulaziz International Airport,Jeddah,Saudi Arabia,21.6796,39.156502,377
78,TAO,Liuting Airport,Qingdao,China,36.2661018372,120.374000549,376
79,FLL,Fort Lauderdale Hollywood International Airport,Fort Lauderdale,United States,26.072599,-80.152702,374
80,WUH,Wuhan Tianhe International Airport,Wuhan,China,30.7838,114.208,374
81,YUL,Montreal / Pierre Elliott Trudeau International Airport,Montreal,Canada,45.4706001282,-73.7407989502,371
82,LED,Pulkovo Airport,St. Petersburg,Russia,59.80030059814453,30.262500762939453,368
83,CGK,Soekarno-Hatta International Airport,Jakarta,Indonesia,-6.1255698204,106.65599823,367
84,OSL,Oslo Lufthavn,Oslo,Norway,60.121,11.0502,363
85,PRG,Václav Havel Airport Prague,Prague,Czech Republic,50.1008,14.26,361
86,CGO,Zhengzhou Xinzheng International Airport,Zhengzhou,China,34.519699096699995,113.841003418,348
87,STN,London Stansted Airport,London,United Kingdom,51.8849983215,0.234999999404,343
88,NKG,Nanjing Lukou Airport,Nanjing,China,31.742000579833984,118.86199951171875,330
89,GVA,Geneva Cointrin International Airport,Geneva,Switzerland,46.23809814453125,6.108950138092041,329
90,HAM,Hamburg Airport,Hamburg,Germany,53.630401611328,9.9882297515869,321
91,JNB,OR Tambo International Airport,Johannesburg,South Africa,-26.1392,28.246,321
92,HEL,Helsinki Vantaa Airport,Helsinki,Finland,60.317199707031,24.963300704956,320
93,TFS,Tenerife South Airport,Tenerife,Spain,28.044500351,-16.5725002289,318
94,LGA,La Guardia Airport,New York,United States,40.77719879,-73.87259674,316
95,HND,Tokyo Haneda International Airport,Tokyo,Japan,35.552299,139.779999,315
96,YVR,Vancouver International Airport,Vancouver,Canada,49.193901062,-123.183998108,315
97,ALC,Alicante International Airport,Alicante,Spain,38.28219985961914,-0.5581560134887695,314
98,CUN,Cancún International Airport,Cancun,Mexico,21.036500930800003,-86.8770980835,311
99,LPA,Gran Canaria Airport,Gran Canaria,Spain,27.931900024414062,-15.38659954071045,308
100,BOG,El Dorado International Airport,Bogota,Colombia,4.70159,-74.1469,307
101,URC,Ürümqi Diwopu International Airport,Urumqi,China,43.907100677490234,87.47419738769531,306
102,KIX,Kansai International Airport,Osaka,Japan,34.42729949951172,135.24400329589844,304
103,CAI,Cairo International Airport,Cairo,Egypt,30.12190055847168,31.40559959411621,303
104,BNE,Brisbane International Airport,Brisbane,Australia,-27.384199142456055,153.11700439453125,296
105,TSN,Tianjin Binhai International Airport,Tianjin,China,39.124401092499994,117.346000671,294
106,SAW,Sabiha Gökçen International Airport,Istanbul,Turkey,40.898601532,29.3092002869,290
107,BWI,Baltimore/Washington International Thurgood Marshall Airport,Baltimore,United States,39.1754,-76.668297,286
108,DLC,Zhoushuizi Airport,Dalian,China,38.9656982421875,121.53900146484375,285
109,SLC,Salt Lake City International Airport,Salt Lake City,United States,40.78839874267578,-111.97799682617188,278
110,RUH,King Khaled International Airport,Riyadh,Saudi Arabia,24.957599639892578,46.69879913330078,276
111,TPA,Tampa International Airport,Tampa,United States,27.975500106811523,-82.533203125,276
112,LYS,Lyon Saint-Exupéry Airport,Lyon,France,45.725556,5.081111,275
113,KWE,Longdongbao Airport,Guiyang,China,26.53849983215332,106.8010025024414,274
114,STR,Stuttgart Airport,Stuttgart,Germany,48.689899444599995,9.22196006775,273
115,SHE,Taoxian Airport,Shenyang,China,41.639801025390625,123.48300170898438,272
116,MDW,Chicago Midway International Airport,Chicago,United States,41.785999,-87.752403,271
117,TLV,Ben Gurion International Airport,Tel-aviv,Israel,32.01139831542969,34.88669967651367,271
118,TNA,Yaoqiang Airport,Jinan,China,36.857200622558594,117.21600341796875,270
119,MEL,Melbourne International Airport,Melbourne,Australia,-37.673302,144.843002,269
120,NCE,Nice-Côte d'Azur Airport,Nice,France,43.6584014893,7.215869903560001,269
121,FOC,Fuzhou Changle International Airport,Fuzhou,China,25.935100555419922,119.66300201416016,266
122,CGN,Cologne Bonn Airport,Cologne,Germany,50.8658981323,7.1427397728,265
123,MRS,Marseille Provence Airport,Marseille,France,43.439271922,5.22142410278,265
124,BHX,Birmingham International Airport,Birmingham,United Kingdom,52.453899383499994,-1.74802994728,264
125,HRB,Taiping Airport,Harbin,China,45.6234016418457,126.25,259
126,NBO,Jomo Kenyatta International Airport,Nairobi,Kenya,-1.31923997402,36.9277992249,258
127,AYT,Antalya International Airport,Antalya,Turkey,36.898701,30.800501,253
128,CMN,Mohammed V International Airport,Casablanca,Morocco,33.36750030517578,-7.589970111846924,250
129,MSY,Louis Armstrong New Orleans International Airport,New Orleans,United States,29.99340057373047,-90.25800323486328,248
130,VCE,Venice Marco Polo Airport,Venice,Italy,45.505299,12.3519,245
131,WAW,Warsaw Chopin Airport,Warsaw,Poland,52.1656990051,20.967100143399996,240
132,KWI,Kuwait International Airport,Kuwait,Kuwait,29.226600646972656,47.96889877319336,239
133,SAN,San Diego International Airport,San Diego,United States,32.7336006165,-117.190002441,238
134,EDI,Edinburgh Airport,Edinburgh,United Kingdom,55.95000076293945,-3.372499942779541,237
135,ACE,Lanzarote Airport,Arrecife,Spain,28.945499,-13.6052,233
136,CTA,Catania-Fontanarossa Airport,Catania,Italy,37.466801,15.0664,233
137,HNL,Daniel K Inouye International Airport,Honolulu,United States,21.32062,-157.924228,233
138,LIM,Jorge Chávez International Airport,Lima,Peru,-12.0219,-77.114305,230
139,PDX,Portland International Airport,Portland,United States,45.58869934,-122.5979996,230
140,NNG,Nanning Wuxu Airport,Nanning,China,22.608299255371094,108.1719970703125,228
141,YYC,Calgary International Airport,Calgary,Canada,51.113899231,-114.019996643,228
142,OTP,Henri Coandă International Airport,Bucharest,Romania,44.5711111,26.085,227
143,MLA,Malta International Airport,Malta,Malta,35.857498,14.4775,226
144,AMM,Queen Alia International Airport,Amman,Jordan,31.7226009369,35.9931983948,223
145,STL,St Louis Lambert International Airport,St. Louis,United States,38.748697,-90.370003,221
146,TYN,Taiyuan Wusu Airport,Taiyuan,China,37.74689865112305,112.62799835205078,220
147,HER,Heraklion International Nikos Kazantzakis Airport,Heraklion,Greece,35.3396987915,25.180299758900002,219
148,SGN,Tan Son Nhat International Airport,Ho Chi Minh City,Vietnam,10.8187999725,106.652000427,218
149,SYX,Sanya Phoenix International Airport,Sanya,China,18.302900314331055,109.41200256347656,218
150,HAK,Haikou Meilan International Airport,Haikou,China,19.934900283813477,110.45899963378906,215
151,ADD,Addis Ababa Bole International Airport,Addis Ababa,Ethiopia,8.97789001465,38.799301147499996,214
152,KWL,Guilin Liangjiang International Airport,Guilin,China,25.21809959411621,110.03900146484375,214
153,LTN,London Luton Airport,London,United Kingdom,51.874698638916016,-0.36833301186561584,214
154,AKL,Auckland International Airport,Auckland,New Zealand,-37.008098602299995,174.792007446,213
155,PTY,Tocumen International Airport,Panama City,Panama,9.0713596344,-79.3834991455,212
156,FAO,Faro Airport,Faro,Portugal,37.0144004822,-7.96590995789,211
157,MAA,Chennai International Airport,Madras,India,12.990005493164062,80.16929626464844,211
158,MCT,Muscat International Airport,Muscat,Oman,23.593299865722656,58.284400939941406,208
159,SJU,Luis Munoz Marin International Airport,San Juan,Puerto Rico,18.4393997192,-66.0018005371,204
160,CMB,Bandaranaike International Colombo Airport,Colombo,Sri Lanka,7.180759906768799,79.88410186767578,203
161,IBZ,Ibiza Airport,Ibiza,Spain,38.872898101800004,1.3731199502899998,202
162,KBP,Boryspil International Airport,Kiev,Ukraine,50.345001220703125,30.894699096679688,202
163,OPO,Francisco de Sá Carneiro Airport,Porto,Portugal,41.2481002808,-8.68138980865,202
164,RIX,Riga International Airport,Riga,Latvia,56.92359924316406,23.971099853515625,202
165,DPS,Ngurah Rai (Bali) International Airport,Denpasar,Indonesia,-8.7481698989868,115.16699981689,201
166,BRS,Bristol Airport,Bristol,United Kingdom,51.382702,-2.71909,200
167,SVX,Koltsovo Airport,Yekaterinburg,Russia,56.743099212646,60.802700042725,199
168,BSB,Presidente Juscelino Kubistschek International Airport,Brasilia,Brazil,-15.86916732788086,-47.920833587646484,197
169,GLA,Glasgow International Airport,Glasgow,United Kingdom,55.8718986511,-4.43306016922,196
170,BLR,Kempegowda International Airport,Bangalore,India,13.1979,77.706299,195
171,BUD,Budapest Liszt Ferenc International Airport,Budapest,Hungary,47.42976,19.261093,195
172,SHJ,Sharjah International Airport,Sharjah,United Arab Emirates,25.32859992980957,55.5172004699707,195
173,CCU,Netaji Subhash Chandra Bose International Airport,Kolkata,India,22.654699325561523,88.44670104980469,194
174,GIG,Rio Galeão – Tom Jobim International Airport,Rio De Janeiro,Brazil,-22.8099994659,-43.2505569458,194
175,EMA,East Midlands Airport,East Midlands,United Kingdom,52.8311004639,-1.32806003094,192
176,FUE,Fuerteventura Airport,Fuerteventura,Spain,28.452699661254883,-13.863800048828125,192
177,LCA,Larnaca International Airport,Larnaca,Cyprus,34.875099182128906,33.624900817871094,190
178,BSL,EuroAirport Basel-Mulhouse-Freiburg Airport,Mulhouse,France,47.59,7.5291667,189
179,GDL,Don Miguel Hidalgo Y Costilla International Airport,Guadalajara,Mexico,20.521799087524414,-103.31099700927734,185
180,NTE,Nantes Atlantique Airport,Nantes,France,47.153198242200006,-1.61073005199,183
181,PER,Perth International Airport,Perth,Australia,-31.94029998779297,115.96700286865234,182
182,CCS,Simón Bolívar International Airport,Caracas,Venezuela,10.601194,-66.991222,181
183,OVB,Tolmachevo Airport,Novosibirsk,Russia,55.012599945068,82.650703430176,177
184,ALG,Houari Boumediene Airport,Algier,Algeria,36.691001892089844,3.215409994125366,176
185,BLQ,Bologna Guglielmo Marconi Airport,Bologna,Italy,44.5354,11.2887,176
186,TUN,Tunis Carthage International Airport,Tunis,Tunisia,36.85100173950195,10.22719955444336,175
187,HAN,Noi Bai International Airport,Hanoi,Vietnam,21.221200942993164,105.80699920654297,174
188,HET,Baita International Airport,Hohhot,China,40.851398,111.823997,174
189,SKG,Thessaloniki Macedonia International Airport,Thessaloniki,Greece,40.51969909667969,22.97089958190918,174
190,KHN,Nanchang Changbei International Airport,Nanchang,China,28.864999771118164,115.9000015258789,172
191,BEG,Belgrade Nikola Tesla Airport,Belgrade,Serbia,44.8184013367,20.3090991974,171
192,VKO,Vnukovo International Airport,Moscow,Russia,55.5914993286,37.2615013123,171
193,BAH,Bahrain International Airport,Bahrain,Bahrain,26.27079963684082,50.63359832763672,170
194,FUK,Fukuoka Airport,Fukuoka,Japan,33.585899353027344,130.4510040283203,170
195,NGO,Chubu Centrair International Airport,Nagoya,Japan,34.8583984375,136.80499267578125,169
196,CRL,Brussels South Charleroi Airport,Charleroi,Belgium,50.459202,4.45382,168
197,LHW,Lanzhou Zhongchuan Airport,Lanzhou,China,36.5152015686,103.620002747,168
198,NGB,Ningbo Lishe International Airport,Ninbo,China,29.82670021057129,121.46199798583984,168
199,RHO,Diagoras Airport,Rhodos,Greece,36.405399322509766,28.086200714111328,168
200,AUS,Austin Bergstrom International Airport,Austin,United States,30.194499969482422,-97.6698989868164,167
201,RDU,Raleigh Durham International Airport,Raleigh-durham,United States,35.877601623535156,-78.7874984741211,167
202,NCL,Newcastle Airport,Newcastle,United Kingdom,55.037498474121094,-1.6916699409484863,165
203,SXF,Berlin-Schönefeld Airport,Berlin,Germany,52.380001,13.5225,165
204,BNA,Nashville International Airport,Nashville,United States,36.1245002746582,-86.6781997680664,164
205,DMM,King Fahd International Airport,Dammam,Saudi Arabia,26.471200942993164,49.79790115356445,164
206,SJW,Shijiazhuang Daguocun International Airport,Shijiazhuang,China,38.28070068359375,114.6969985961914,164
207,VLC,Valencia Airport,Valencia,Spain,39.4893,-0.481625,163
208,BGY,Il Caravaggio International Airport,Bergamo,Italy,45.673901,9.70417,162
209,CTS,New Chitose Airport,Sapporo,Japan,42.77519989013672,141.69200134277344,162
210,WNZ,Wenzhou Longwan International Airport,Wenzhou,China,27.912201,120.851997,162
211,CLE,Cleveland Hopkins International Airport,Cleveland,United States,41.4117012024,-81.8498001099,161
212,TLS,Toulouse-Blagnac Airport,Toulouse,France,43.629101,1.36382,161
213,LBA,Leeds Bradford Airport,Leeds,United Kingdom,53.86589813232422,-1.6605700254440308,160
214,NAY,Beijing Nanyuan Airport,Beijing,China,39.782798767089844,116.38800048828125,160
215,PUS,Gimhae International Airport,Busan,South Korea,35.1795005798,128.93800354,160
216,TAS,Tashkent International Airport,Tashkent,Uzbekistan,41.257900238,69.2811965942,160
217,MCI,Kansas City International Airport,Kansas City,United States,39.2976,-94.713898,159
218,MFM,Macau International Airport,Macau,Macau,22.149599,113.592003,158
219,NAP,Naples International Airport,Naples,Italy,40.886002,14.2908,158
220,SCL,Comodoro Arturo Merino Benítez International Airport,Santiago,Chile,-33.393001556396484,-70.78579711914062,158
221,HFE,Hefei Luogang International Airport,Hefei,China,31.780000686645508,117.2979965209961,154
222,HAJ,Hannover Airport,Hannover,Germany,52.461101532,9.685079574580001,152
223,PSA,Pisa International Airport,Pisa,Italy,43.683899,10.3927,152
224,CVG,Cincinnati Northern Kentucky International Airport,Cincinnati,United States,39.0488014221,-84.6678009033,150
225,EZE,Ministro Pistarini International Airport,Buenos Aires,Argentina,-34.8222,-58.5358,149
226,HOU,William P Hobby Airport,Houston,United States,29.64539909,-95.27890015,149
227,SJO,Juan Santamaria International Airport,San Jose,Costa Rica,9.993860244750977,-84.20880126953125,149
228,DAC,Hazrat Shahjalal International Airport,Dhaka,Bangladesh,23.843347,90.397783,148
229,PIT,Pittsburgh International Airport,Pittsburgh,United States,40.49150085,-80.23290253,148
230,HYD,Rajiv Gandhi International Airport,Hyderabad,India,17.2313175201,78.4298553467,147
231,MTY,General Mariano Escobedo International Airport,Monterrey,Mexico,25.7784996033,-100.107002258,145
232,RAK,Menara Airport,Marrakech,Morocco,31.606899261499997,-8.03629970551,145
233,PUJ,Punta Cana International Airport,Punta Cana,Dominican Republic,18.567399978599997,-68.36340332030001,143
234,LUX,Luxembourg-Findel International Airport,Luxemburg,Luxembourg,49.6233333,6.2044444,140
235,YEG,Edmonton International Airport,Edmonton,Canada,53.309700012200004,-113.580001831,139
236,HKT,Phuket International Airport,Phuket,Thailand,8.1132,98.316902,138
237,IND,Indianapolis International Airport,Indianapolis,United States,39.7173,-86.294403,138
238,BGO,Bergen Airport Flesland,Bergen,Norway,60.29339981,5.218140125,137
239,SAT,San Antonio International Airport,San Antonio,United States,29.533700942993164,-98.46980285644531,136
240,EIN,Eindhoven Airport,Eindhoven,Netherlands,51.4500999451,5.37452983856,135
241,NAS,Lynden Pindling International Airport,Nassau,Bahamas,25.0389995575,-77.46620178219999,135
242,ALA,Almaty Airport,Alma-ata,Kazakhstan,43.35210037231445,77.04049682617188,134
243,BOD,Bordeaux-Mérignac Airport,Bordeaux,France,44.828300476100004,-0.715556025505,134
244,DKR,Léopold Sédar Senghor International Airport,Dakar,Senegal,14.739700317382812,-17.49020004272461,134
245,DMK,Don Mueang International Airport,Bangkok,Thailand,13.9125995636,100.607002258,134
246,ADB,Adnan Menderes International Airport,Izmir,Turkey,38.2924003601,27.156999588,133
247,BEY,Beirut Rafic Hariri International Airport,Beirut,Lebanon,33.820899963378906,35.488399505615234,133
248,SOF,Sofia Airport,Sofia,Bulgaria,42.696693420410156,23.411436080932617,132
249,CGQ,Longjia Airport,Changchun,China,43.9962005615,125.684997559,131
250,SUB,Juanda International Airport,Surabaya,Indonesia,-7.3798298835754395,112.78700256347656,131
251,KHH,Kaohsiung International Airport,Kaohsiung,Taiwan,22.57710075378418,120.3499984741211,129
252,LJG,Lijiang Airport,Lijiang,China,26.6800003052,100.246002197,129
253,AEP,Jorge Newbery Airpark,Buenos Aires,Argentina,-34.5592,-58.4156,128
254,BIO,Bilbao Airport,Bilbao,Spain,43.30110168457031,-2.9106099605560303,128
255,CMH,John Glenn Columbus International Airport,Columbus,United States,39.998001,-82.891899,128
256,GYD,Heydar Aliyev International Airport,Baku,Azerbaijan,40.467498779296875,50.04669952392578,128
257,LCY,London City Airport,London,United Kingdom,51.505299,0.055278,128
258,MHD,Mashhad International Airport,Mashhad,Iran,36.235198974609375,59.64099884033203,128
259,RSW,Southwest Florida International Airport,Fort Myers,United States,26.53619956970215,-81.75520324707031,128
260,SVQ,Sevilla Airport,Sevilla,Spain,37.417999267578125,-5.8931097984313965,127
261,PMO,Falcone–Borsellino Airport,Palermo,Italy,38.175999,13.091,126
262,KHI,Jinnah International Airport,Karachi,Pakistan,24.9065,67.160797,125
263,MKE,General Mitchell International Airport,Milwaukee,United States,42.947200775146484,-87.89659881591797,125
264,THR,Mehrabad International Airport,Teheran,Iran,35.68920135498047,51.31340026855469,125
265,OKA,Naha Airport,Okinawa,Japan,26.1958007812,127.646003723,123
266,IKA,Imam Khomeini International Airport,Tehran,Iran,35.416099548339844,51.152198791503906,122
267,DBV,Dubrovnik Airport,Dubrovnik,Croatia,42.5614013671875,18.268199920654297,121
268,BVA,Paris Beauvais Tillé Airport,Beauvais,France,49.45439910888672,2.1127800941467285,120
269,LIN,Milano Linate Airport,Milan,Italy,45.445099,9.27674,120
270,SJC,Norman Y. Mineta San Jose International Airport,San Jose,United States,37.362598,-121.929001,120
271,LOS,Murtala Muhammed International Airport,Lagos,Nigeria,6.5773701667785645,3.321160078048706,119
272,ZUH,Zhuhai Jinwan Airport,Zhuhai,China,22.006399,113.375999,119
273,ANC,Ted Stevens Anchorage International Airport,Anchorage,United States,61.174400329589844,-149.99600219726562,118
274,CJU,Jeju International Airport,Cheju,South Korea,33.51129913330078,126.49299621582031,118
275,COK,Cochin International Airport,Kochi,India,10.152,76.401901,118
276,ISB,New Islamabad International Airport,Islamabad,Pakistan,33.560713,72.851613,117
277,DLM,Dalaman International Airport,Dalaman,Turkey,36.7131004333,28.7924995422,116
278,LPL,Liverpool John Lennon Airport,Liverpool,United Kingdom,53.33359909057617,-2.849720001220703,116
279,SSA,Deputado Luiz Eduardo Magalhães International Airport,Salvador,Brazil,-12.9086112976,-38.3224983215,116
280,VNO,Vilnius International Airport,Vilnius,Lithuania,54.634102,25.285801,116
281,KRK,Kraków John Paul II International Airport,Krakow,Poland,50.077702,19.7848,114
282,SXM,Princess Juliana International Airport,Philipsburg,Netherlands Antilles,18.041000366200002,-63.1088981628,114
283,VCP,Viracopos International Airport,Campinas,Brazil,-23.0074005127,-47.1344985962,114
284,MEM,Memphis International Airport,Memphis,United States,35.04240036010742,-89.97669982910156,112
285,UPG,Hasanuddin International Airport,Ujung Pandang,Indonesia,-5.061629772186279,119.55400085449219,112
286,YNT,Yantai Laishan Airport,Yantai,China,37.40169906616211,121.37200164794922,112
287,LHE,Alama Iqbal International Airport,Lahore,Pakistan,31.5216007232666,74.40360260009766,111
288,OAK,Metropolitan Oakland International Airport,Oakland,United States,37.721298,-122.221001,111
289,CNF,Tancredo Neves International Airport,Belo Horizonte,Brazil,-19.62444305419922,-43.97194290161133,110
290,CNS,Cairns International Airport,Cairns,Australia,-16.885799408,145.755004883,110
291,MSQ,Minsk National Airport,Minsk 2,Belarus,53.882499694824,28.030700683594,108
292,SMF,Sacramento International Airport,Sacramento,United States,38.69540023803711,-121.59100341796875,108
293,ACC,Kotoka International Airport,Accra,Ghana,5.605189800262451,-0.16678600013256073,107
294,DYU,Dushanbe Airport,Dushanbe,Tajikistan,38.543300628699996,68.8249969482,106
295,FLR,Peretola Airport,Florence,Italy,43.810001,11.2051,106
296,GOT,Gothenburg-Landvetter Airport,Gothenborg,Sweden,57.662799835205,12.279800415039,106
297,SVG,Stavanger Airport Sola,Stavanger,Norway,58.876701354,5.6377801895,106
298,ESB,Esenboğa International Airport,Ankara,Turkey,40.128101348899996,32.995098114,105
299,SAL,Monseñor Óscar Arnulfo Romero International Airport,San Salvador,El Salvador,13.4409,-89.055702,105
300,BKI,Kota Kinabalu International Airport,Kota Kinabalu,Malaysia,5.9372100830078125,116.0510025024414,104
301,FNC,Madeira Airport,Funchal,Portugal,32.697899,-16.7745,104
302,OLB,Olbia Costa Smeralda Airport,Olbia,Italy,40.898701,9.51763,104
303,TSE,Astana International Airport,Tselinograd,Kazakhstan,51.02220153808594,71.46690368652344,104
304,BDL,Bradley International Airport,Windsor Locks,United States,41.9388999939,-72.68319702149999,103
305,CFU,Ioannis Kapodistrias International Airport,Kerkyra/corfu,Greece,39.601898193359375,19.911699295043945,103
306,ABJ,Port Bouet Airport,Abidjan,Cote d'Ivoire,5.261390209197998,-3.9262900352478027,102
307,ADL,Adelaide International Airport,Adelaide,Australia,-34.945,138.531006,102
308,POM,Port Moresby Jacksons International Airport,Port Moresby,Papua New Guinea,-9.443380355834961,147.22000122070312,102
309,GDN,Gdańsk Lech Wałęsa Airport,Gdansk,Poland,54.377601623535156,18.46619987487793,101
310,SJD,Los Cabos International Airport,San Jose Del Cabo,Mexico,23.15180015563965,-109.72100067138672,101
311,BRE,Bremen Airport,Bremen,Germany,53.0475006104,8.78666973114,100
312,BRI,Bari Karol Wojtyła Airport,Bari,Italy,41.138901,16.760599,100
313,CIA,Ciampino–G. B. Pastine International Airport,Rome,Italy,41.7994,12.5949,100
314,RGN,Yangon International Airport,Yangon,Burma,16.907300949099998,96.1332015991,99
315,XNN,Xining Caojiabu Airport,Xining,China,36.5275,102.042999,99
316,DLA,Douala International Airport,Douala,Cameroon,4.0060801506,9.719479560849999,98
317,GRO,Girona Airport,Gerona,Spain,41.901000977,2.7605500221,98
318,MED,Prince Mohammad Bin Abdulaziz Airport,Madinah,Saudi Arabia,24.5534,39.705101,98
319,CEB,Mactan Cebu International Airport,Cebu,Philippines,10.307499885559,123.97899627686,97
320,SFB,Orlando Sanford International Airport,Sanford,United States,28.777599334716797,-81.23750305175781,97
321,SPU,Split Airport,Split,Croatia,43.53889846801758,16.29800033569336,97
322,CNX,Chiang Mai International Airport,Chiang Mai,Thailand,18.766799926799997,98.962600708,95
323,NUE,Nuremberg Airport,Nuernberg,Germany,49.498699,11.078056,95
324,TIP,Tripoli International Airport,Tripoli,Libya,32.6635017395,13.1590003967,95
325,YHZ,Halifax / Stanfield International Airport,Halifax,Canada,44.8807983398,-63.5085983276,95
326,BLL,Billund Airport,Billund,Denmark,55.7402992249,9.15178012848,94
327,CGH,Congonhas Airport,Sao Paulo,Brazil,-23.626110076904297,-46.65638732910156,94
328,HHN,Frankfurt-Hahn Airport,Hahn,Germany,49.9487,7.26389,94
329,WUX,Sunan Shuofang International Airport,Wuxi,China,31.494400024399997,120.429000854,94
330,SDQ,Las Américas International Airport,Santo Domingo,Dominican Republic,18.42970085144,-69.668899536133,93
331,DWC,Al Maktoum International Airport,Dubai,United Arab Emirates,24.896356,55.161389,92
332,KJA,Yemelyanovo Airport,Krasnoyarsk,Russia,56.172901,92.493301,92
333,LAD,Quatro de Fevereiro Airport,Luanda,Angola,-8.85837,13.2312,92
334,PVR,Licenciado Gustavo Díaz Ordaz International Airport,Puerto Vallarta,Mexico,20.680099487304688,-105.25399780273438,92
335,JAX,Jacksonville International Airport,Jacksonville,United States,30.49410057067871,-81.68789672851562,91
336,KEF,Keflavik International Airport,Keflavik,Iceland,63.985000610352,-22.605600357056,91
337,KRR,Krasnodar Pashkovsky International Airport,Krasnodar,Russia,45.034698486328,39.170501708984,91
338,AUA,Queen Beatrix International Airport,Oranjestad,Aruba,12.5014,-70.015198,90
339,CHQ,Chania International Airport,Chania,Greece,35.531700134277344,24.149700164794922,90
340,DRW,Darwin International Airport,Darwin,Australia,-12.41469955444336,130.8769989013672,90
341,EVN,Zvartnots International Airport,Yerevan,Armenia,40.1473007202,44.3959007263,90
342,FRU,Manas International Airport,Bishkek,Kyrgyzstan,43.0612983704,74.4776000977,90
343,KGS,Kos Airport,Kos,Greece,36.79330062866211,27.091699600219727,90
344,NBE,Enfidha - Hammamet International Airport,Enfidha,Tunisia,36.075833,10.438611,90
345,MBJ,Sangster International Airport,Montego Bay,Jamaica,18.503700256347656,-77.91339874267578,89
346,YOW,Ottawa Macdonald-Cartier International Airport,Ottawa,Canada,45.3224983215332,-75.66919708251953,89
347,JJN,Quanzhou Jinjiang International Airport,Quanzhou,China,24.7964,118.589996,88
348,KTM,Tribhuvan International Airport,Kathmandu,Nepal,27.6966,85.3591,88
349,PBI,Palm Beach International Airport,West Palm Beach,United States,26.68320083618164,-80.09559631347656,88
350,HAV,José Martí International Airport,Havana,Cuba,22.989200592041016,-82.40910339355469,87
351,CAG,Cagliari Elmas Airport,Cagliari,Italy,39.251499,9.05428,86
352,CPT,Cape Town International Airport,Cape Town,South Africa,-33.9648017883,18.6016998291,86
353,CWB,Afonso Pena Airport,Curitiba,Brazil,-25.5284996033,-49.1758003235,86
354,POA,Salgado Filho Airport,Porto Alegre,Brazil,-29.994400024414062,-51.1713981628418,86
355,SNA,John Wayne Airport-Orange County Airport,Santa Ana,United States,33.67570114,-117.8679962,86
356,TRD,Trondheim Airport Værnes,Trondheim,Norway,63.4578018,10.9239998,86
357,TRN,Turin Airport,Torino,Italy,45.200802,7.64963,86
358,MLE,Malé International Airport,Male,Maldives,4.191830158233643,73.52909851074219,85
359,PFO,Paphos International Airport,Paphos,Cyprus,34.71799850463867,32.48569869995117,85
360,ZAG,Zagreb Airport,Zagreb,Croatia,45.7429008484,16.0687999725,85
361,ITM,Osaka International Airport,Osaka,Japan,34.785499572753906,135.43800354003906,84
362,OGG,Kahului Airport,Kahului,United States,20.8986,-156.429993,84
363,PEN,Penang International Airport,Penang,Malaysia,5.297140121459961,100.2770004272461,84
364,TRV,Trivandrum International Airport,Trivandrum,India,8.48211956024,76.9200973511,84
365,ABQ,Albuquerque International Sunport,Albuquerque,United States,35.040199,-106.609001,83
366,NAN,Nadi International Airport,Nandi,Fiji,-17.755399703979492,177.4429931640625,83
367,SDF,Louisville International Standiford Field,Louisville,United States,38.1744,-85.736,83
368,TIJ,General Abelardo L. Rodríguez International Airport,Tijuana,Mexico,32.541099548339844,-116.97000122070312,83
369,ABZ,Aberdeen Dyce Airport,Aberdeen,United Kingdom,57.201900482177734,-2.197779893875122,82
370,IKT,Irkutsk Airport,Irkutsk,Russia,52.268001556396,104.38899993896,82
371,MRU,Sir Seewoosagur Ramgoolam International Airport,Plaisance,Mauritius,-20.430201,57.683601,82
372,HBE,Borg El Arab International Airport,Alexandria,Egypt,30.917699813842773,29.696399688720703,81
373,KRT,Khartoum International Airport,Khartoum,Sudan,15.589500427246094,32.553199768066406,81
374,OKC,Will Rogers World Airport,Oklahoma City,United States,35.39310073852539,-97.60070037841797,81
375,REP,Siem Reap International Airport,Siem-reap,Cambodia,13.410699844400002,103.81300354,81
376,YWG,Winnipeg / James Armstrong Richardson International Airport,Winnipeg,Canada,49.909999847399995,-97.2398986816,81
377,COO,Cadjehoun Airport,Cotonou,Benin,6.357230186462402,2.384350061416626,80
378,LIL,Lille-Lesquin Airport,Lille,France,50.563332,3.086886,80
379,TSA,Taipei Songshan Airport,Taipei,Taiwan,25.069400787353516,121.552001953125,80
380,HRG,Hurghada International Airport,Hurghada,Egypt,27.178300857543945,33.799400329589844,79
381,LEJ,Leipzig/Halle Airport,Leipzig,Germany,51.423889,12.236389,79
382,AJA,Ajaccio-Napoléon Bonaparte Airport,Ajaccio,France,41.92359924316406,8.8029203414917,78
383,GMP,Gimpo International Airport,Seoul,South Korea,37.5583,126.791,78
384,KGL,Kigali International Airport,Kigali,Rwanda,-1.96863,30.1395,78
385,SYZ,Shiraz Shahid Dastghaib International Airport,Shiraz,Iran,29.539199829101562,52.58980178833008,78
386,UIO,Mariscal Sucre International Airport,Quito,Ecuador,-0.129166666667,-78.3575,78
387,GUA,La Aurora Airport,Guatemala City,Guatemala,14.5833,-90.527496,77
388,PPT,Faa'a International Airport,Papeete,French Polynesia,-17.553699,-149.606995,77
389,SSH,Sharm El Sheikh International Airport,Sharm El Sheikh,Egypt,27.9773006439,34.3950004578,77
390,VRN,Verona Villafranca Airport,Villafranca,Italy,45.395699,10.8885,77
391,JER,Jersey Airport,Jersey,Jersey,49.20790100097656,-2.195509910583496,76
392,NRN,Weeze Airport,Weeze,Germany,51.6024017334,6.14216995239,76
393,RIC,Richmond International Airport,Richmond,United States,37.50519943237305,-77.3197021484375,76
394,TLL,Lennart Meri Tallinn Airport,Tallinn-ulemiste International,Estonia,59.41329956049999,24.832799911499997,76
395,TSF,Treviso-Sant'Angelo Airport,Treviso,Italy,45.648399,12.1944,76
396,YKS,Yakutsk Airport,Yakutsk,Russia,62.093299865722656,129.77099609375,76
397,DAL,Dallas Love Field,Dallas,United States,32.847099,-96.851799,75
398,KHV,Khabarovsk-Novy Airport,Khabarovsk,Russia,48.52799987793,135.18800354004,75
399,SAH,Sana'a International Airport,Sanaa,Yemen,15.476300239562988,44.21969985961914,75
400,CZX,Changzhou Benniu Airport,Changzhou,China,31.919701,119.778999,74
401,ORF,Norfolk International Airport,Norfolk,United States,36.89459991455078,-76.20120239257812,74
402,RYG,"Moss Airport, Rygge",Rygge,Norway,59.378817,10.785439,74
403,TRF,"Sandefjord Airport, Torp",Sandefjord,Norway,59.1866989136,10.258600235,74
404,DJE,Djerba Zarzis International Airport,Djerba,Tunisia,33.875,10.775500297546387,73
405,BIA,Bastia-Poretta Airport,Bastia,France,42.55270004272461,9.48373031616211,72
406,BPN,Sultan Aji Muhamad Sulaiman Airport,Balikpapan,Indonesia,-1.26827001572,116.893997192,72
407,CHC,Christchurch International Airport,Christchurch,New Zealand,-43.48939895629883,172.53199768066406,72
408,REC,Guararapes - Gilberto Freyre International Airport,Recife,Brazil,-8.126489639282227,-34.92359924316406,72
409,TIA,Tirana International Airport Mother Teresa,Tirana,Albania,41.4146995544,19.7206001282,72
410,BHM,Birmingham-Shuttlesworth International Airport,Birmingham,United States,33.56290054,-86.75350189,71
411,BUF,Buffalo Niagara International Airport,Buffalo,United States,42.94049835,-78.73220062,71
412,FOR,Pinto Martins International Airport,Fortaleza,Brazil,-3.776279926300049,-38.53260040283203,71
413,GYE,José Joaquín de Olmedo International Airport,Guayaquil,Ecuador,-2.1574199199699997,-79.88359832760001,71
414,SWA,Jieyang Chaoshan International Airport,Shantou,China,23.552,116.5033,71
415,AMD,Sardar Vallabhbhai Patel International Airport,Ahmedabad,India,23.0771999359,72.63469696039999,70
416,BEL,Val de Cans/Júlio Cezar Ribeiro International Airport,Belem,Brazil,-1.3792500495900002,-48.4762992859,70
417,BFS,Belfast International Airport,Belfast,United Kingdom,54.6575012207,-6.2158298492399995,70
418,GUM,Antonio B. Won Pat International Airport,Agana,Guam,13.4834003448,144.796005249,70
419,MAH,Menorca Airport,Menorca,Spain,39.86259841918945,4.218649864196777,70
420,POS,Piarco International Airport,Port-of-spain,Trinidad and Tobago,10.595399856567383,-61.33720016479492,70
421,SCQ,Santiago de Compostela Airport,Santiago,Spain,42.89630126953125,-8.415140151977539,70
422,ANU,V.C. Bird International Airport,Antigua,Antigua and Barbuda,17.1367,-61.792702,69
423,CHS,Charleston Air Force Base-International Airport,Charleston,United States,32.89860153,-80.04049683,69
424,OMA,Eppley Airfield,Omaha,United States,41.3032,-95.894096,69
425,SXB,Strasbourg Airport,Strasbourg,France,48.538299560546875,7.628230094909668,69
426,SZG,Salzburg Airport,Salzburg,Austria,47.793300628699996,13.0043001175,69
427,TBS,Tbilisi International Airport,Tbilisi,Georgia,41.6692008972,44.95470047,69
428,KIV,Chişinău International Airport,Chisinau,Moldova,46.92770004272461,28.930999755859375,68
429,MYR,Myrtle Beach International Airport,Myrtle Beach,United States,33.6796989441,-78.9282989502,68
430,ORK,Cork Airport,Cork,Ireland,51.84130096435547,-8.491109848022461,68
431,ORN,Es Senia Airport,Oran,Algeria,35.6239013672,-0.6211829781529999,68
432,PNQ,Pune Airport,Pune,India,18.58209991455078,73.9197006225586,68
433,DAR,Julius Nyerere International Airport,Dar Es Salaam,Tanzania,-6.87811,39.202599,67
434,DTM,Dortmund Airport,Dortmund,Germany,51.51829910279999,7.61223983765,67
435,EBB,Entebbe International Airport,Entebbe,Uganda,0.042386,32.443501,67
436,LUN,Kenneth Kaunda International Airport Lusaka,Lusaka,Zambia,-15.3308000565,28.4526004791,67
437,CGB,Marechal Rondon Airport,Cuiaba,Brazil,-15.6528997421,-56.1166992188,66
438,DAD,Da Nang International Airport,Danang,Vietnam,16.043899536132812,108.1989974975586,66
439,LBD,Khudzhand Airport,Khudzhand,Tajikistan,40.21540069580078,69.6947021484375,66
440,LJU,Ljubljana Jože Pučnik Airport,Ljubljana,Slovenia,46.223701,14.4576,66
441,OUA,Ouagadougou Airport,Ouagadougou,Burkina Faso,12.3532,-1.51242,66
442,RTM,Rotterdam The Hague Airport,Rotterdam,Netherlands,51.956902,4.43722,66
443,SOU,Southampton Airport,Southampton,United Kingdom,50.95029830932617,-1.3567999601364136,66
444,STT,Cyril E. King Airport,St. Thomas,Virgin Islands,18.337299346923828,-64.97339630126953,66
445,TFN,Tenerife Norte Airport,Tenerife,Spain,28.4827003479,-16.3414993286,66
446,WRO,Copernicus Wrocław Airport,Wroclaw,Poland,51.1026992798,16.885799408,66
447,AZA,Phoenix-Mesa-Gateway Airport,Mesa,United States,33.30780029,-111.6549988,64
448,DAY,James M Cox Dayton International Airport,Dayton,United States,39.902400970458984,-84.21939849853516,64
449,MAO,Eduardo Gomes International Airport,Manaus,Brazil,-3.0386099815368652,-60.04970169067383,64
450,WLG,Wellington International Airport,Wellington,New Zealand,-41.3272018433,174.804992676,64
451,BJV,Milas Bodrum International Airport,Bodrum,Turkey,37.25059890749999,27.6643009186,63
452,CUR,Hato International Airport,Willemstad,Netherlands Antilles,12.1889,-68.959801,63
453,CWL,Cardiff International Airport,Cardiff,United Kingdom,51.39670181274414,-3.343329906463623,63
454,GAU,Lokpriya Gopinath Bordoloi International Airport,Guwahati,India,26.10610008239746,91.58589935302734,63
455,AHO,Alghero-Fertilia Airport,Alghero,Italy,40.632099,8.29077,62
456,NYO,Stockholm Skavsta Airport,Stockholm,Sweden,58.78860092163086,16.912200927734375,62
457,PIE,St Petersburg Clearwater International Airport,St. Petersburg,United States,27.91020012,-82.68740082,62
458,PLS,Providenciales Airport,Providenciales,Turks and Caicos Islands,21.77359962463379,-72.26589965820312,62
459,SDJ,Sendai Airport,Sendai,Japan,38.1397018433,140.917007446,62
460,TUS,Tucson International Airport,Tucson,United States,32.1161003112793,-110.94100189208984,62
461,TYS,McGhee Tyson Airport,Knoxville,United States,35.81100082,-83.9940033,62
462,CCJ,Calicut International Airport,Calicut,India,11.1367998123,75.95529937740001,61
463,PNH,Phnom Penh International Airport,Phnom-penh,Cambodia,11.546600341796875,104.84400177001953,61
464,SDU,Santos Dumont Airport,Rio De Janeiro,Brazil,-22.910499572799996,-43.1631011963,61
465,ABV,Nnamdi Azikiwe International Airport,Abuja,Nigeria,9.006790161132812,7.263169765472412,60
466,ALB,Albany International Airport,Albany,United States,42.74829864501953,-73.80169677734375,60
467,EBL,Erbil International Airport,Erbil,Iraq,36.23759841918945,43.963199615478516,60
468,LXA,Lhasa Gonggar Airport,Lhasa,China,29.2978000641,90.91190338130001,60
469,OSS,Osh Airport,Osh,Kyrgyzstan,40.6090011597,72.793296814,60
470,PEW,Peshawar International Airport,Peshawar,Pakistan,33.993900299072266,71.51460266113281,60
471,ROC,Greater Rochester International Airport,Rochester,United States,43.118900299072266,-77.67240142822266,60
472,BAV,Baotou Airport,Baotou,China,40.560001373291016,109.99700164794922,58
473,GOI,Dabolim Airport,Goa,India,15.3808002472,73.8313980103,58
474,GSP,Greenville Spartanburg International Airport,Greenville,United States,34.8956985474,-82.2189025879,58
475,JOG,Adi Sutjipto International Airport,Yogyakarta,Indonesia,-7.788179874420166,110.43199920654297,58
476,KIN,Norman Manley International Airport,Kingston,Jamaica,17.935699462890625,-76.7874984741211,58
477,LIT,Bill & Hillary Clinton National Airport/Adams Field,Little Rock,United States,34.729400634799994,-92.2242965698,58
478,PTP,Pointe-à-Pitre Le Raizet,Pointe-a-pitre,Guadeloupe,16.265301,-61.531799,58
479,RMQ,Taichung Ching Chuang Kang Airport,Taichung,Taiwan,24.264699935913086,120.62100219726562,58
480,SNN,Shannon Airport,Shannon,Ireland,52.702,-8.92482,58
481,SZB,Sultan Abdul Aziz Shah International Airport,Kuala Lumpur,Malaysia,3.130579948425293,101.54900360107422,58
482,YCU,Yuncheng Guangong Airport,Yuncheng,China,35.116391,111.031388889,58
483,YZF,Yellowknife Airport,Yellowknife,Canada,62.462799072265625,-114.44000244140625,58
484,BET,Bethel Airport,Bethel,United States,60.77980042,-161.8379974,57
485,CLO,Alfonso Bonilla Aragon International Airport,Cali,Colombia,3.54322,-76.3816,57
486,DSM,Des Moines International Airport,Des Moines,United States,41.534000396728516,-93.66310119628906,57
487,HRE,Robert Gabriel Mugabe International Airport,Harare,Zimbabwe,-17.931801,31.0928,57
488,YQB,Quebec Jean Lesage International Airport,Quebec,Canada,46.7911,-71.393303,57
489,AGA,Al Massira Airport,Agadir,Morocco,30.325000762939453,-9.413069725036621,56
490,BZE,Philip S. W. Goldson International Airport,Belize City,Belize,17.539100646972656,-88.30819702148438,56
491,GRR,Gerald R. Ford International Airport,Grand Rapids,United States,42.88079834,-85.52279663,56
492,KTW,Katowice International Airport,Katowice,Poland,50.4743,19.08,56
493,KZN,Kazan International Airport,Kazan,Russia,55.606201171875,49.278701782227,56
494,OOL,Gold Coast Airport,Coolangatta,Australia,-28.1644001007,153.505004883,56
495,RNO,Reno Tahoe International Airport,Reno,United States,39.49909973144531,-119.76799774169922,56
496,ROV,Platov International Airport,Rostov,Russia,47.493888,39.924722,56
497,TPS,Vincenzo Florio Airport Trapani-Birgi,Trapani,Italy,37.9114,12.488,56
498,VLI,Bauerfield International Airport,Port-vila,Vanuatu,-17.699300765991,168.32000732422,56
499,BKO,Modibo Keita International Airport,Bamako,Mali,12.5335,-7.94994,55
